image,class
Aayubowan_B_1_frame0.jpg,Aayubowan
Aayubowan_B_1_frame1.jpg,Aayubowan
Aayubowan_B_1_frame10.jpg,Aayubowan
Aayubowan_B_1_frame11.jpg,Aayubowan
Aayubowan_B_1_frame12.jpg,Aayubowan
Aayubowan_B_1_frame13.jpg,Aayubowan
Aayubowan_B_1_frame14.jpg,Aayubowan
Aayubowan_B_1_frame2.jpg,Aayubowan
Aayubowan_B_1_frame3.jpg,Aayubowan
Aayubowan_B_1_frame4.jpg,Aayubowan
Aayubowan_B_1_frame5.jpg,Aayubowan
Aayubowan_B_1_frame6.jpg,Aayubowan
Aayubowan_B_1_frame7.jpg,Aayubowan
Aayubowan_B_1_frame8.jpg,Aayubowan
Aayubowan_B_1_frame9.jpg,Aayubowan
Aayubowan_B_2_frame0.jpg,Aayubowan
Aayubowan_B_2_frame1.jpg,Aayubowan
Aayubowan_B_2_frame10.jpg,Aayubowan
Aayubowan_B_2_frame11.jpg,Aayubowan
Aayubowan_B_2_frame12.jpg,Aayubowan
Aayubowan_B_2_frame13.jpg,Aayubowan
Aayubowan_B_2_frame14.jpg,Aayubowan
Aayubowan_B_2_frame15.jpg,Aayubowan
Aayubowan_B_2_frame2.jpg,Aayubowan
Aayubowan_B_2_frame3.jpg,Aayubowan
Aayubowan_B_2_frame4.jpg,Aayubowan
Aayubowan_B_2_frame5.jpg,Aayubowan
Aayubowan_B_2_frame6.jpg,Aayubowan
Aayubowan_B_2_frame7.jpg,Aayubowan
Aayubowan_B_2_frame8.jpg,Aayubowan
Aayubowan_B_2_frame9.jpg,Aayubowan
Aayubowan_B_3_frame0.jpg,Aayubowan
Aayubowan_B_3_frame1.jpg,Aayubowan
Aayubowan_B_3_frame10.jpg,Aayubowan
Aayubowan_B_3_frame11.jpg,Aayubowan
Aayubowan_B_3_frame2.jpg,Aayubowan
Aayubowan_B_3_frame3.jpg,Aayubowan
Aayubowan_B_3_frame4.jpg,Aayubowan
Aayubowan_B_3_frame5.jpg,Aayubowan
Aayubowan_B_3_frame6.jpg,Aayubowan
Aayubowan_B_3_frame7.jpg,Aayubowan
Aayubowan_B_3_frame8.jpg,Aayubowan
Aayubowan_B_3_frame9.jpg,Aayubowan
Aayubowan_K_1_frame0.jpg,Aayubowan
Aayubowan_K_1_frame1.jpg,Aayubowan
Aayubowan_K_1_frame2.jpg,Aayubowan
Aayubowan_K_1_frame3.jpg,Aayubowan
Aayubowan_K_1_frame4.jpg,Aayubowan
Aayubowan_K_1_frame5.jpg,Aayubowan
Aayubowan_K_1_frame6.jpg,Aayubowan
Aayubowan_K_1_frame7.jpg,Aayubowan
Aayubowan_K_1_frame8.jpg,Aayubowan
Aayubowan_K_1_frame9.jpg,Aayubowan
Aayubowan_K_2_frame0.jpg,Aayubowan
Aayubowan_K_2_frame1.jpg,Aayubowan
Aayubowan_K_2_frame10.jpg,Aayubowan
Aayubowan_K_2_frame11.jpg,Aayubowan
Aayubowan_K_2_frame12.jpg,Aayubowan
Aayubowan_K_2_frame13.jpg,Aayubowan
Aayubowan_K_2_frame2.jpg,Aayubowan
Aayubowan_K_2_frame3.jpg,Aayubowan
Aayubowan_K_2_frame4.jpg,Aayubowan
Aayubowan_K_2_frame5.jpg,Aayubowan
Aayubowan_K_2_frame6.jpg,Aayubowan
Aayubowan_K_2_frame7.jpg,Aayubowan
Aayubowan_K_2_frame8.jpg,Aayubowan
Aayubowan_K_2_frame9.jpg,Aayubowan
Aayubowan_K_3_frame0.jpg,Aayubowan
Aayubowan_K_3_frame1.jpg,Aayubowan
Aayubowan_K_3_frame2.jpg,Aayubowan
Aayubowan_K_3_frame3.jpg,Aayubowan
Aayubowan_K_3_frame4.jpg,Aayubowan
Aayubowan_K_3_frame5.jpg,Aayubowan
Aayubowan_K_3_frame6.jpg,Aayubowan
Aayubowan_K_3_frame7.jpg,Aayubowan
Aayubowan_K_3_frame8.jpg,Aayubowan
Aayubowan_K_3_frame9.jpg,Aayubowan
Aayubowan_S_1_frame0.jpg,Aayubowan
Aayubowan_S_1_frame1.jpg,Aayubowan
Aayubowan_S_1_frame10.jpg,Aayubowan
Aayubowan_S_1_frame11.jpg,Aayubowan
Aayubowan_S_1_frame12.jpg,Aayubowan
Aayubowan_S_1_frame13.jpg,Aayubowan
Aayubowan_S_1_frame14.jpg,Aayubowan
Aayubowan_S_1_frame2.jpg,Aayubowan
Aayubowan_S_1_frame3.jpg,Aayubowan
Aayubowan_S_1_frame4.jpg,Aayubowan
Aayubowan_S_1_frame5.jpg,Aayubowan
Aayubowan_S_1_frame6.jpg,Aayubowan
Aayubowan_S_1_frame7.jpg,Aayubowan
Aayubowan_S_1_frame8.jpg,Aayubowan
Aayubowan_S_1_frame9.jpg,Aayubowan
Aayubowan_S_3_frame0.jpg,Aayubowan
Aayubowan_S_3_frame1.jpg,Aayubowan
Aayubowan_S_3_frame10.jpg,Aayubowan
Aayubowan_S_3_frame11.jpg,Aayubowan
Aayubowan_S_3_frame12.jpg,Aayubowan
Aayubowan_S_3_frame13.jpg,Aayubowan
Aayubowan_S_3_frame14.jpg,Aayubowan
Aayubowan_S_3_frame15.jpg,Aayubowan
Aayubowan_S_3_frame16.jpg,Aayubowan
Aayubowan_S_3_frame17.jpg,Aayubowan
Aayubowan_S_3_frame18.jpg,Aayubowan
Aayubowan_S_3_frame19.jpg,Aayubowan
Aayubowan_S_3_frame2.jpg,Aayubowan
Aayubowan_S_3_frame3.jpg,Aayubowan
Aayubowan_S_3_frame4.jpg,Aayubowan
Aayubowan_S_3_frame5.jpg,Aayubowan
Aayubowan_S_3_frame6.jpg,Aayubowan
Aayubowan_S_3_frame7.jpg,Aayubowan
Aayubowan_S_3_frame8.jpg,Aayubowan
Aayubowan_S_3_frame9.jpg,Aayubowan
Aayubowan_S_4_frame0.jpg,Aayubowan
Aayubowan_S_4_frame1.jpg,Aayubowan
Aayubowan_S_4_frame10.jpg,Aayubowan
Aayubowan_S_4_frame11.jpg,Aayubowan
Aayubowan_S_4_frame12.jpg,Aayubowan
Aayubowan_S_4_frame13.jpg,Aayubowan
Aayubowan_S_4_frame14.jpg,Aayubowan
Aayubowan_S_4_frame15.jpg,Aayubowan
Aayubowan_S_4_frame16.jpg,Aayubowan
Aayubowan_S_4_frame17.jpg,Aayubowan
Aayubowan_S_4_frame18.jpg,Aayubowan
Aayubowan_S_4_frame19.jpg,Aayubowan
Aayubowan_S_4_frame2.jpg,Aayubowan
Aayubowan_S_4_frame3.jpg,Aayubowan
Aayubowan_S_4_frame4.jpg,Aayubowan
Aayubowan_S_4_frame5.jpg,Aayubowan
Aayubowan_S_4_frame6.jpg,Aayubowan
Aayubowan_S_4_frame7.jpg,Aayubowan
Aayubowan_S_4_frame8.jpg,Aayubowan
Aayubowan_S_4_frame9.jpg,Aayubowan
Do not know_B_1_frame0.jpg,Do not know
Do not know_B_1_frame1.jpg,Do not know
Do not know_B_1_frame10.jpg,Do not know
Do not know_B_1_frame11.jpg,Do not know
Do not know_B_1_frame12.jpg,Do not know
Do not know_B_1_frame13.jpg,Do not know
Do not know_B_1_frame14.jpg,Do not know
Do not know_B_1_frame15.jpg,Do not know
Do not know_B_1_frame16.jpg,Do not know
Do not know_B_1_frame17.jpg,Do not know
Do not know_B_1_frame18.jpg,Do not know
Do not know_B_1_frame2.jpg,Do not know
Do not know_B_1_frame3.jpg,Do not know
Do not know_B_1_frame4.jpg,Do not know
Do not know_B_1_frame5.jpg,Do not know
Do not know_B_1_frame6.jpg,Do not know
Do not know_B_1_frame7.jpg,Do not know
Do not know_B_1_frame8.jpg,Do not know
Do not know_B_1_frame9.jpg,Do not know
Do not know_B_2_frame0.jpg,Do not know
Do not know_B_2_frame1.jpg,Do not know
Do not know_B_2_frame10.jpg,Do not know
Do not know_B_2_frame11.jpg,Do not know
Do not know_B_2_frame12.jpg,Do not know
Do not know_B_2_frame13.jpg,Do not know
Do not know_B_2_frame14.jpg,Do not know
Do not know_B_2_frame15.jpg,Do not know
Do not know_B_2_frame16.jpg,Do not know
Do not know_B_2_frame2.jpg,Do not know
Do not know_B_2_frame3.jpg,Do not know
Do not know_B_2_frame4.jpg,Do not know
Do not know_B_2_frame5.jpg,Do not know
Do not know_B_2_frame6.jpg,Do not know
Do not know_B_2_frame7.jpg,Do not know
Do not know_B_2_frame8.jpg,Do not know
Do not know_B_2_frame9.jpg,Do not know
Do not know_B_3_frame0.jpg,Do not know
Do not know_B_3_frame1.jpg,Do not know
Do not know_B_3_frame10.jpg,Do not know
Do not know_B_3_frame11.jpg,Do not know
Do not know_B_3_frame12.jpg,Do not know
Do not know_B_3_frame13.jpg,Do not know
Do not know_B_3_frame14.jpg,Do not know
Do not know_B_3_frame15.jpg,Do not know
Do not know_B_3_frame16.jpg,Do not know
Do not know_B_3_frame17.jpg,Do not know
Do not know_B_3_frame18.jpg,Do not know
Do not know_B_3_frame19.jpg,Do not know
Do not know_B_3_frame2.jpg,Do not know
Do not know_B_3_frame3.jpg,Do not know
Do not know_B_3_frame4.jpg,Do not know
Do not know_B_3_frame5.jpg,Do not know
Do not know_B_3_frame6.jpg,Do not know
Do not know_B_3_frame7.jpg,Do not know
Do not know_B_3_frame8.jpg,Do not know
Do not know_B_3_frame9.jpg,Do not know
Do not know_K_1_frame0.jpg,Do not know
Do not know_K_1_frame1.jpg,Do not know
Do not know_K_1_frame10.jpg,Do not know
Do not know_K_1_frame11.jpg,Do not know
Do not know_K_1_frame12.jpg,Do not know
Do not know_K_1_frame13.jpg,Do not know
Do not know_K_1_frame2.jpg,Do not know
Do not know_K_1_frame3.jpg,Do not know
Do not know_K_1_frame4.jpg,Do not know
Do not know_K_1_frame5.jpg,Do not know
Do not know_K_1_frame6.jpg,Do not know
Do not know_K_1_frame7.jpg,Do not know
Do not know_K_1_frame8.jpg,Do not know
Do not know_K_1_frame9.jpg,Do not know
Do not know_K_2_frame0.jpg,Do not know
Do not know_K_2_frame1.jpg,Do not know
Do not know_K_2_frame10.jpg,Do not know
Do not know_K_2_frame11.jpg,Do not know
Do not know_K_2_frame2.jpg,Do not know
Do not know_K_2_frame3.jpg,Do not know
Do not know_K_2_frame4.jpg,Do not know
Do not know_K_2_frame5.jpg,Do not know
Do not know_K_2_frame6.jpg,Do not know
Do not know_K_2_frame7.jpg,Do not know
Do not know_K_2_frame8.jpg,Do not know
Do not know_K_2_frame9.jpg,Do not know
Do not know_K_3_frame0.jpg,Do not know
Do not know_K_3_frame1.jpg,Do not know
Do not know_K_3_frame10.jpg,Do not know
Do not know_K_3_frame11.jpg,Do not know
Do not know_K_3_frame12.jpg,Do not know
Do not know_K_3_frame13.jpg,Do not know
Do not know_K_3_frame14.jpg,Do not know
Do not know_K_3_frame15.jpg,Do not know
Do not know_K_3_frame16.jpg,Do not know
Do not know_K_3_frame2.jpg,Do not know
Do not know_K_3_frame3.jpg,Do not know
Do not know_K_3_frame4.jpg,Do not know
Do not know_K_3_frame5.jpg,Do not know
Do not know_K_3_frame6.jpg,Do not know
Do not know_K_3_frame7.jpg,Do not know
Do not know_K_3_frame8.jpg,Do not know
Do not know_K_3_frame9.jpg,Do not know
Do not know_S_1_frame0.jpg,Do not know
Do not know_S_1_frame1.jpg,Do not know
Do not know_S_1_frame10.jpg,Do not know
Do not know_S_1_frame11.jpg,Do not know
Do not know_S_1_frame12.jpg,Do not know
Do not know_S_1_frame13.jpg,Do not know
Do not know_S_1_frame14.jpg,Do not know
Do not know_S_1_frame15.jpg,Do not know
Do not know_S_1_frame16.jpg,Do not know
Do not know_S_1_frame17.jpg,Do not know
Do not know_S_1_frame18.jpg,Do not know
Do not know_S_1_frame19.jpg,Do not know
Do not know_S_1_frame2.jpg,Do not know
Do not know_S_1_frame3.jpg,Do not know
Do not know_S_1_frame4.jpg,Do not know
Do not know_S_1_frame5.jpg,Do not know
Do not know_S_1_frame6.jpg,Do not know
Do not know_S_1_frame7.jpg,Do not know
Do not know_S_1_frame8.jpg,Do not know
Do not know_S_1_frame9.jpg,Do not know
Do not know_S_2_frame0.jpg,Do not know
Do not know_S_2_frame1.jpg,Do not know
Do not know_S_2_frame10.jpg,Do not know
Do not know_S_2_frame11.jpg,Do not know
Do not know_S_2_frame12.jpg,Do not know
Do not know_S_2_frame13.jpg,Do not know
Do not know_S_2_frame14.jpg,Do not know
Do not know_S_2_frame15.jpg,Do not know
Do not know_S_2_frame16.jpg,Do not know
Do not know_S_2_frame17.jpg,Do not know
Do not know_S_2_frame18.jpg,Do not know
Do not know_S_2_frame19.jpg,Do not know
Do not know_S_2_frame2.jpg,Do not know
Do not know_S_2_frame3.jpg,Do not know
Do not know_S_2_frame4.jpg,Do not know
Do not know_S_2_frame5.jpg,Do not know
Do not know_S_2_frame6.jpg,Do not know
Do not know_S_2_frame7.jpg,Do not know
Do not know_S_2_frame8.jpg,Do not know
Do not know_S_2_frame9.jpg,Do not know
Do not know_S_4_frame0.jpg,Do not know
Do not know_S_4_frame1.jpg,Do not know
Do not know_S_4_frame10.jpg,Do not know
Do not know_S_4_frame11.jpg,Do not know
Do not know_S_4_frame12.jpg,Do not know
Do not know_S_4_frame13.jpg,Do not know
Do not know_S_4_frame14.jpg,Do not know
Do not know_S_4_frame15.jpg,Do not know
Do not know_S_4_frame16.jpg,Do not know
Do not know_S_4_frame17.jpg,Do not know
Do not know_S_4_frame18.jpg,Do not know
Do not know_S_4_frame19.jpg,Do not know
Do not know_S_4_frame2.jpg,Do not know
Do not know_S_4_frame20.jpg,Do not know
Do not know_S_4_frame21.jpg,Do not know
Do not know_S_4_frame22.jpg,Do not know
Do not know_S_4_frame3.jpg,Do not know
Do not know_S_4_frame4.jpg,Do not know
Do not know_S_4_frame5.jpg,Do not know
Do not know_S_4_frame6.jpg,Do not know
Do not know_S_4_frame7.jpg,Do not know
Do not know_S_4_frame8.jpg,Do not know
Do not know_S_4_frame9.jpg,Do not know
Good morning_B_1_frame0.jpg,Good morning
Good morning_B_1_frame1.jpg,Good morning
Good morning_B_1_frame10.jpg,Good morning
Good morning_B_1_frame11.jpg,Good morning
Good morning_B_1_frame12.jpg,Good morning
Good morning_B_1_frame13.jpg,Good morning
Good morning_B_1_frame14.jpg,Good morning
Good morning_B_1_frame15.jpg,Good morning
Good morning_B_1_frame16.jpg,Good morning
Good morning_B_1_frame17.jpg,Good morning
Good morning_B_1_frame18.jpg,Good morning
Good morning_B_1_frame19.jpg,Good morning
Good morning_B_1_frame2.jpg,Good morning
Good morning_B_1_frame20.jpg,Good morning
Good morning_B_1_frame21.jpg,Good morning
Good morning_B_1_frame22.jpg,Good morning
Good morning_B_1_frame3.jpg,Good morning
Good morning_B_1_frame4.jpg,Good morning
Good morning_B_1_frame5.jpg,Good morning
Good morning_B_1_frame6.jpg,Good morning
Good morning_B_1_frame7.jpg,Good morning
Good morning_B_1_frame8.jpg,Good morning
Good morning_B_1_frame9.jpg,Good morning
Good morning_B_2_frame0.jpg,Good morning
Good morning_B_2_frame1.jpg,Good morning
Good morning_B_2_frame10.jpg,Good morning
Good morning_B_2_frame11.jpg,Good morning
Good morning_B_2_frame12.jpg,Good morning
Good morning_B_2_frame13.jpg,Good morning
Good morning_B_2_frame14.jpg,Good morning
Good morning_B_2_frame15.jpg,Good morning
Good morning_B_2_frame16.jpg,Good morning
Good morning_B_2_frame17.jpg,Good morning
Good morning_B_2_frame2.jpg,Good morning
Good morning_B_2_frame3.jpg,Good morning
Good morning_B_2_frame4.jpg,Good morning
Good morning_B_2_frame5.jpg,Good morning
Good morning_B_2_frame6.jpg,Good morning
Good morning_B_2_frame7.jpg,Good morning
Good morning_B_2_frame8.jpg,Good morning
Good morning_B_2_frame9.jpg,Good morning
Good morning_B_3_frame0.jpg,Good morning
Good morning_B_3_frame1.jpg,Good morning
Good morning_B_3_frame10.jpg,Good morning
Good morning_B_3_frame11.jpg,Good morning
Good morning_B_3_frame12.jpg,Good morning
Good morning_B_3_frame13.jpg,Good morning
Good morning_B_3_frame14.jpg,Good morning
Good morning_B_3_frame15.jpg,Good morning
Good morning_B_3_frame16.jpg,Good morning
Good morning_B_3_frame17.jpg,Good morning
Good morning_B_3_frame18.jpg,Good morning
Good morning_B_3_frame19.jpg,Good morning
Good morning_B_3_frame2.jpg,Good morning
Good morning_B_3_frame20.jpg,Good morning
Good morning_B_3_frame21.jpg,Good morning
Good morning_B_3_frame3.jpg,Good morning
Good morning_B_3_frame4.jpg,Good morning
Good morning_B_3_frame5.jpg,Good morning
Good morning_B_3_frame6.jpg,Good morning
Good morning_B_3_frame7.jpg,Good morning
Good morning_B_3_frame8.jpg,Good morning
Good morning_B_3_frame9.jpg,Good morning
Good morning_K_1_frame0.jpg,Good morning
Good morning_K_1_frame1.jpg,Good morning
Good morning_K_1_frame10.jpg,Good morning
Good morning_K_1_frame11.jpg,Good morning
Good morning_K_1_frame12.jpg,Good morning
Good morning_K_1_frame13.jpg,Good morning
Good morning_K_1_frame14.jpg,Good morning
Good morning_K_1_frame15.jpg,Good morning
Good morning_K_1_frame16.jpg,Good morning
Good morning_K_1_frame17.jpg,Good morning
Good morning_K_1_frame18.jpg,Good morning
Good morning_K_1_frame19.jpg,Good morning
Good morning_K_1_frame2.jpg,Good morning
Good morning_K_1_frame3.jpg,Good morning
Good morning_K_1_frame4.jpg,Good morning
Good morning_K_1_frame5.jpg,Good morning
Good morning_K_1_frame6.jpg,Good morning
Good morning_K_1_frame7.jpg,Good morning
Good morning_K_1_frame8.jpg,Good morning
Good morning_K_1_frame9.jpg,Good morning
Good morning_K_2_frame0.jpg,Good morning
Good morning_K_2_frame1.jpg,Good morning
Good morning_K_2_frame10.jpg,Good morning
Good morning_K_2_frame11.jpg,Good morning
Good morning_K_2_frame12.jpg,Good morning
Good morning_K_2_frame13.jpg,Good morning
Good morning_K_2_frame14.jpg,Good morning
Good morning_K_2_frame15.jpg,Good morning
Good morning_K_2_frame16.jpg,Good morning
Good morning_K_2_frame17.jpg,Good morning
Good morning_K_2_frame18.jpg,Good morning
Good morning_K_2_frame19.jpg,Good morning
Good morning_K_2_frame2.jpg,Good morning
Good morning_K_2_frame20.jpg,Good morning
Good morning_K_2_frame3.jpg,Good morning
Good morning_K_2_frame4.jpg,Good morning
Good morning_K_2_frame5.jpg,Good morning
Good morning_K_2_frame6.jpg,Good morning
Good morning_K_2_frame7.jpg,Good morning
Good morning_K_2_frame8.jpg,Good morning
Good morning_K_2_frame9.jpg,Good morning
Good morning_K_3_frame0.jpg,Good morning
Good morning_K_3_frame1.jpg,Good morning
Good morning_K_3_frame10.jpg,Good morning
Good morning_K_3_frame11.jpg,Good morning
Good morning_K_3_frame12.jpg,Good morning
Good morning_K_3_frame13.jpg,Good morning
Good morning_K_3_frame14.jpg,Good morning
Good morning_K_3_frame15.jpg,Good morning
Good morning_K_3_frame2.jpg,Good morning
Good morning_K_3_frame3.jpg,Good morning
Good morning_K_3_frame4.jpg,Good morning
Good morning_K_3_frame5.jpg,Good morning
Good morning_K_3_frame6.jpg,Good morning
Good morning_K_3_frame7.jpg,Good morning
Good morning_K_3_frame8.jpg,Good morning
Good morning_K_3_frame9.jpg,Good morning
Good morning_S_1_frame0.jpg,Good morning
Good morning_S_1_frame1.jpg,Good morning
Good morning_S_1_frame10.jpg,Good morning
Good morning_S_1_frame11.jpg,Good morning
Good morning_S_1_frame12.jpg,Good morning
Good morning_S_1_frame13.jpg,Good morning
Good morning_S_1_frame14.jpg,Good morning
Good morning_S_1_frame15.jpg,Good morning
Good morning_S_1_frame16.jpg,Good morning
Good morning_S_1_frame17.jpg,Good morning
Good morning_S_1_frame18.jpg,Good morning
Good morning_S_1_frame19.jpg,Good morning
Good morning_S_1_frame2.jpg,Good morning
Good morning_S_1_frame20.jpg,Good morning
Good morning_S_1_frame21.jpg,Good morning
Good morning_S_1_frame22.jpg,Good morning
Good morning_S_1_frame23.jpg,Good morning
Good morning_S_1_frame24.jpg,Good morning
Good morning_S_1_frame25.jpg,Good morning
Good morning_S_1_frame26.jpg,Good morning
Good morning_S_1_frame27.jpg,Good morning
Good morning_S_1_frame28.jpg,Good morning
Good morning_S_1_frame29.jpg,Good morning
Good morning_S_1_frame3.jpg,Good morning
Good morning_S_1_frame30.jpg,Good morning
Good morning_S_1_frame4.jpg,Good morning
Good morning_S_1_frame5.jpg,Good morning
Good morning_S_1_frame6.jpg,Good morning
Good morning_S_1_frame7.jpg,Good morning
Good morning_S_1_frame8.jpg,Good morning
Good morning_S_1_frame9.jpg,Good morning
Good morning_S_3_frame0.jpg,Good morning
Good morning_S_3_frame1.jpg,Good morning
Good morning_S_3_frame10.jpg,Good morning
Good morning_S_3_frame11.jpg,Good morning
Good morning_S_3_frame12.jpg,Good morning
Good morning_S_3_frame13.jpg,Good morning
Good morning_S_3_frame14.jpg,Good morning
Good morning_S_3_frame15.jpg,Good morning
Good morning_S_3_frame16.jpg,Good morning
Good morning_S_3_frame17.jpg,Good morning
Good morning_S_3_frame18.jpg,Good morning
Good morning_S_3_frame19.jpg,Good morning
Good morning_S_3_frame2.jpg,Good morning
Good morning_S_3_frame20.jpg,Good morning
Good morning_S_3_frame21.jpg,Good morning
Good morning_S_3_frame22.jpg,Good morning
Good morning_S_3_frame23.jpg,Good morning
Good morning_S_3_frame24.jpg,Good morning
Good morning_S_3_frame25.jpg,Good morning
Good morning_S_3_frame26.jpg,Good morning
Good morning_S_3_frame27.jpg,Good morning
Good morning_S_3_frame28.jpg,Good morning
Good morning_S_3_frame3.jpg,Good morning
Good morning_S_3_frame4.jpg,Good morning
Good morning_S_3_frame5.jpg,Good morning
Good morning_S_3_frame6.jpg,Good morning
Good morning_S_3_frame7.jpg,Good morning
Good morning_S_3_frame8.jpg,Good morning
Good morning_S_3_frame9.jpg,Good morning
Good morning_S_4_frame0.jpg,Good morning
Good morning_S_4_frame1.jpg,Good morning
Good morning_S_4_frame10.jpg,Good morning
Good morning_S_4_frame11.jpg,Good morning
Good morning_S_4_frame12.jpg,Good morning
Good morning_S_4_frame13.jpg,Good morning
Good morning_S_4_frame14.jpg,Good morning
Good morning_S_4_frame15.jpg,Good morning
Good morning_S_4_frame16.jpg,Good morning
Good morning_S_4_frame17.jpg,Good morning
Good morning_S_4_frame18.jpg,Good morning
Good morning_S_4_frame19.jpg,Good morning
Good morning_S_4_frame2.jpg,Good morning
Good morning_S_4_frame20.jpg,Good morning
Good morning_S_4_frame21.jpg,Good morning
Good morning_S_4_frame22.jpg,Good morning
Good morning_S_4_frame23.jpg,Good morning
Good morning_S_4_frame24.jpg,Good morning
Good morning_S_4_frame25.jpg,Good morning
Good morning_S_4_frame26.jpg,Good morning
Good morning_S_4_frame27.jpg,Good morning
Good morning_S_4_frame28.jpg,Good morning
Good morning_S_4_frame29.jpg,Good morning
Good morning_S_4_frame3.jpg,Good morning
Good morning_S_4_frame30.jpg,Good morning
Good morning_S_4_frame31.jpg,Good morning
Good morning_S_4_frame32.jpg,Good morning
Good morning_S_4_frame4.jpg,Good morning
Good morning_S_4_frame5.jpg,Good morning
Good morning_S_4_frame6.jpg,Good morning
Good morning_S_4_frame7.jpg,Good morning
Good morning_S_4_frame8.jpg,Good morning
Good morning_S_4_frame9.jpg,Good morning
How are you_B_1_frame0.jpg,How are you
How are you_B_1_frame1.jpg,How are you
How are you_B_1_frame10.jpg,How are you
How are you_B_1_frame11.jpg,How are you
How are you_B_1_frame12.jpg,How are you
How are you_B_1_frame13.jpg,How are you
How are you_B_1_frame14.jpg,How are you
How are you_B_1_frame15.jpg,How are you
How are you_B_1_frame16.jpg,How are you
How are you_B_1_frame17.jpg,How are you
How are you_B_1_frame2.jpg,How are you
How are you_B_1_frame3.jpg,How are you
How are you_B_1_frame4.jpg,How are you
How are you_B_1_frame5.jpg,How are you
How are you_B_1_frame6.jpg,How are you
How are you_B_1_frame7.jpg,How are you
How are you_B_1_frame8.jpg,How are you
How are you_B_1_frame9.jpg,How are you
How are you_B_2_frame0.jpg,How are you
How are you_B_2_frame1.jpg,How are you
How are you_B_2_frame10.jpg,How are you
How are you_B_2_frame11.jpg,How are you
How are you_B_2_frame12.jpg,How are you
How are you_B_2_frame13.jpg,How are you
How are you_B_2_frame14.jpg,How are you
How are you_B_2_frame15.jpg,How are you
How are you_B_2_frame16.jpg,How are you
How are you_B_2_frame2.jpg,How are you
How are you_B_2_frame3.jpg,How are you
How are you_B_2_frame4.jpg,How are you
How are you_B_2_frame5.jpg,How are you
How are you_B_2_frame6.jpg,How are you
How are you_B_2_frame7.jpg,How are you
How are you_B_2_frame8.jpg,How are you
How are you_B_2_frame9.jpg,How are you
How are you_B_3_frame0.jpg,How are you
How are you_B_3_frame1.jpg,How are you
How are you_B_3_frame10.jpg,How are you
How are you_B_3_frame11.jpg,How are you
How are you_B_3_frame12.jpg,How are you
How are you_B_3_frame13.jpg,How are you
How are you_B_3_frame14.jpg,How are you
How are you_B_3_frame15.jpg,How are you
How are you_B_3_frame16.jpg,How are you
How are you_B_3_frame17.jpg,How are you
How are you_B_3_frame2.jpg,How are you
How are you_B_3_frame3.jpg,How are you
How are you_B_3_frame4.jpg,How are you
How are you_B_3_frame5.jpg,How are you
How are you_B_3_frame6.jpg,How are you
How are you_B_3_frame7.jpg,How are you
How are you_B_3_frame8.jpg,How are you
How are you_B_3_frame9.jpg,How are you
How are you_K_1_frame0.jpg,How are you
How are you_K_1_frame1.jpg,How are you
How are you_K_1_frame10.jpg,How are you
How are you_K_1_frame11.jpg,How are you
How are you_K_1_frame12.jpg,How are you
How are you_K_1_frame13.jpg,How are you
How are you_K_1_frame2.jpg,How are you
How are you_K_1_frame3.jpg,How are you
How are you_K_1_frame4.jpg,How are you
How are you_K_1_frame5.jpg,How are you
How are you_K_1_frame6.jpg,How are you
How are you_K_1_frame7.jpg,How are you
How are you_K_1_frame8.jpg,How are you
How are you_K_1_frame9.jpg,How are you
How are you_K_3_frame0.jpg,How are you
How are you_K_3_frame1.jpg,How are you
How are you_K_3_frame10.jpg,How are you
How are you_K_3_frame11.jpg,How are you
How are you_K_3_frame12.jpg,How are you
How are you_K_3_frame13.jpg,How are you
How are you_K_3_frame14.jpg,How are you
How are you_K_3_frame15.jpg,How are you
How are you_K_3_frame2.jpg,How are you
How are you_K_3_frame3.jpg,How are you
How are you_K_3_frame4.jpg,How are you
How are you_K_3_frame5.jpg,How are you
How are you_K_3_frame6.jpg,How are you
How are you_K_3_frame7.jpg,How are you
How are you_K_3_frame8.jpg,How are you
How are you_K_3_frame9.jpg,How are you
How are you_S_1_frame0.jpg,How are you
How are you_S_1_frame1.jpg,How are you
How are you_S_1_frame10.jpg,How are you
How are you_S_1_frame11.jpg,How are you
How are you_S_1_frame12.jpg,How are you
How are you_S_1_frame13.jpg,How are you
How are you_S_1_frame14.jpg,How are you
How are you_S_1_frame15.jpg,How are you
How are you_S_1_frame16.jpg,How are you
How are you_S_1_frame17.jpg,How are you
How are you_S_1_frame18.jpg,How are you
How are you_S_1_frame19.jpg,How are you
How are you_S_1_frame2.jpg,How are you
How are you_S_1_frame20.jpg,How are you
How are you_S_1_frame21.jpg,How are you
How are you_S_1_frame22.jpg,How are you
How are you_S_1_frame3.jpg,How are you
How are you_S_1_frame4.jpg,How are you
How are you_S_1_frame5.jpg,How are you
How are you_S_1_frame6.jpg,How are you
How are you_S_1_frame7.jpg,How are you
How are you_S_1_frame8.jpg,How are you
How are you_S_1_frame9.jpg,How are you
How are you_S_2_frame0.jpg,How are you
How are you_S_2_frame1.jpg,How are you
How are you_S_2_frame10.jpg,How are you
How are you_S_2_frame11.jpg,How are you
How are you_S_2_frame12.jpg,How are you
How are you_S_2_frame13.jpg,How are you
How are you_S_2_frame14.jpg,How are you
How are you_S_2_frame15.jpg,How are you
How are you_S_2_frame16.jpg,How are you
How are you_S_2_frame17.jpg,How are you
How are you_S_2_frame18.jpg,How are you
How are you_S_2_frame19.jpg,How are you
How are you_S_2_frame2.jpg,How are you
How are you_S_2_frame20.jpg,How are you
How are you_S_2_frame21.jpg,How are you
How are you_S_2_frame22.jpg,How are you
How are you_S_2_frame3.jpg,How are you
How are you_S_2_frame4.jpg,How are you
How are you_S_2_frame5.jpg,How are you
How are you_S_2_frame6.jpg,How are you
How are you_S_2_frame7.jpg,How are you
How are you_S_2_frame8.jpg,How are you
How are you_S_2_frame9.jpg,How are you
How are you_S_3_frame0.jpg,How are you
How are you_S_3_frame1.jpg,How are you
How are you_S_3_frame10.jpg,How are you
How are you_S_3_frame11.jpg,How are you
How are you_S_3_frame12.jpg,How are you
How are you_S_3_frame13.jpg,How are you
How are you_S_3_frame14.jpg,How are you
How are you_S_3_frame15.jpg,How are you
How are you_S_3_frame16.jpg,How are you
How are you_S_3_frame17.jpg,How are you
How are you_S_3_frame18.jpg,How are you
How are you_S_3_frame19.jpg,How are you
How are you_S_3_frame2.jpg,How are you
How are you_S_3_frame20.jpg,How are you
How are you_S_3_frame21.jpg,How are you
How are you_S_3_frame22.jpg,How are you
How are you_S_3_frame3.jpg,How are you
How are you_S_3_frame4.jpg,How are you
How are you_S_3_frame5.jpg,How are you
How are you_S_3_frame6.jpg,How are you
How are you_S_3_frame7.jpg,How are you
How are you_S_3_frame8.jpg,How are you
How are you_S_3_frame9.jpg,How are you
How are you_S_4_frame0.jpg,How are you
How are you_S_4_frame1.jpg,How are you
How are you_S_4_frame10.jpg,How are you
How are you_S_4_frame11.jpg,How are you
How are you_S_4_frame12.jpg,How are you
How are you_S_4_frame13.jpg,How are you
How are you_S_4_frame14.jpg,How are you
How are you_S_4_frame15.jpg,How are you
How are you_S_4_frame16.jpg,How are you
How are you_S_4_frame17.jpg,How are you
How are you_S_4_frame18.jpg,How are you
How are you_S_4_frame19.jpg,How are you
How are you_S_4_frame2.jpg,How are you
How are you_S_4_frame20.jpg,How are you
How are you_S_4_frame21.jpg,How are you
How are you_S_4_frame22.jpg,How are you
How are you_S_4_frame23.jpg,How are you
How are you_S_4_frame24.jpg,How are you
How are you_S_4_frame3.jpg,How are you
How are you_S_4_frame4.jpg,How are you
How are you_S_4_frame5.jpg,How are you
How are you_S_4_frame6.jpg,How are you
How are you_S_4_frame7.jpg,How are you
How are you_S_4_frame8.jpg,How are you
How are you_S_4_frame9.jpg,How are you
I love you_B_1_frame0.jpg,I love you
I love you_B_1_frame1.jpg,I love you
I love you_B_1_frame2.jpg,I love you
I love you_B_1_frame3.jpg,I love you
I love you_B_1_frame4.jpg,I love you
I love you_B_1_frame5.jpg,I love you
I love you_B_1_frame6.jpg,I love you
I love you_B_1_frame7.jpg,I love you
I love you_B_1_frame8.jpg,I love you
I love you_B_1_frame9.jpg,I love you
I love you_B_3_frame0.jpg,I love you
I love you_B_3_frame1.jpg,I love you
I love you_B_3_frame10.jpg,I love you
I love you_B_3_frame11.jpg,I love you
I love you_B_3_frame12.jpg,I love you
I love you_B_3_frame13.jpg,I love you
I love you_B_3_frame2.jpg,I love you
I love you_B_3_frame3.jpg,I love you
I love you_B_3_frame4.jpg,I love you
I love you_B_3_frame5.jpg,I love you
I love you_B_3_frame6.jpg,I love you
I love you_B_3_frame7.jpg,I love you
I love you_B_3_frame8.jpg,I love you
I love you_B_3_frame9.jpg,I love you
I love you_K_1_frame0.jpg,I love you
I love you_K_1_frame1.jpg,I love you
I love you_K_1_frame2.jpg,I love you
I love you_K_1_frame3.jpg,I love you
I love you_K_1_frame4.jpg,I love you
I love you_K_1_frame5.jpg,I love you
I love you_K_1_frame6.jpg,I love you
I love you_K_1_frame7.jpg,I love you
I love you_K_1_frame8.jpg,I love you
I love you_K_1_frame9.jpg,I love you
I love you_K_2_frame0.jpg,I love you
I love you_K_2_frame1.jpg,I love you
I love you_K_2_frame2.jpg,I love you
I love you_K_2_frame3.jpg,I love you
I love you_K_2_frame4.jpg,I love you
I love you_K_2_frame5.jpg,I love you
I love you_K_2_frame6.jpg,I love you
I love you_K_2_frame7.jpg,I love you
I love you_K_2_frame8.jpg,I love you
I love you_K_2_frame9.jpg,I love you
I love you_K_3_frame0.jpg,I love you
I love you_K_3_frame1.jpg,I love you
I love you_K_3_frame10.jpg,I love you
I love you_K_3_frame2.jpg,I love you
I love you_K_3_frame3.jpg,I love you
I love you_K_3_frame4.jpg,I love you
I love you_K_3_frame5.jpg,I love you
I love you_K_3_frame6.jpg,I love you
I love you_K_3_frame7.jpg,I love you
I love you_K_3_frame8.jpg,I love you
I love you_K_3_frame9.jpg,I love you
I love you_S_1_frame0.jpg,I love you
I love you_S_1_frame1.jpg,I love you
I love you_S_1_frame10.jpg,I love you
I love you_S_1_frame11.jpg,I love you
I love you_S_1_frame12.jpg,I love you
I love you_S_1_frame13.jpg,I love you
I love you_S_1_frame14.jpg,I love you
I love you_S_1_frame15.jpg,I love you
I love you_S_1_frame16.jpg,I love you
I love you_S_1_frame17.jpg,I love you
I love you_S_1_frame18.jpg,I love you
I love you_S_1_frame19.jpg,I love you
I love you_S_1_frame2.jpg,I love you
I love you_S_1_frame3.jpg,I love you
I love you_S_1_frame4.jpg,I love you
I love you_S_1_frame5.jpg,I love you
I love you_S_1_frame6.jpg,I love you
I love you_S_1_frame7.jpg,I love you
I love you_S_1_frame8.jpg,I love you
I love you_S_1_frame9.jpg,I love you
I love you_S_3_frame0.jpg,I love you
I love you_S_3_frame1.jpg,I love you
I love you_S_3_frame10.jpg,I love you
I love you_S_3_frame11.jpg,I love you
I love you_S_3_frame12.jpg,I love you
I love you_S_3_frame13.jpg,I love you
I love you_S_3_frame14.jpg,I love you
I love you_S_3_frame15.jpg,I love you
I love you_S_3_frame16.jpg,I love you
I love you_S_3_frame17.jpg,I love you
I love you_S_3_frame18.jpg,I love you
I love you_S_3_frame2.jpg,I love you
I love you_S_3_frame3.jpg,I love you
I love you_S_3_frame4.jpg,I love you
I love you_S_3_frame5.jpg,I love you
I love you_S_3_frame6.jpg,I love you
I love you_S_3_frame7.jpg,I love you
I love you_S_3_frame8.jpg,I love you
I love you_S_3_frame9.jpg,I love you
I love you_S_4_frame0.jpg,I love you
I love you_S_4_frame1.jpg,I love you
I love you_S_4_frame10.jpg,I love you
I love you_S_4_frame11.jpg,I love you
I love you_S_4_frame12.jpg,I love you
I love you_S_4_frame13.jpg,I love you
I love you_S_4_frame14.jpg,I love you
I love you_S_4_frame15.jpg,I love you
I love you_S_4_frame16.jpg,I love you
I love you_S_4_frame17.jpg,I love you
I love you_S_4_frame18.jpg,I love you
I love you_S_4_frame19.jpg,I love you
I love you_S_4_frame2.jpg,I love you
I love you_S_4_frame20.jpg,I love you
I love you_S_4_frame3.jpg,I love you
I love you_S_4_frame4.jpg,I love you
I love you_S_4_frame5.jpg,I love you
I love you_S_4_frame6.jpg,I love you
I love you_S_4_frame7.jpg,I love you
I love you_S_4_frame8.jpg,I love you
I love you_S_4_frame9.jpg,I love you
Know_B_1_frame0.jpg,Know
Know_B_1_frame1.jpg,Know
Know_B_1_frame2.jpg,Know
Know_B_1_frame3.jpg,Know
Know_B_1_frame4.jpg,Know
Know_B_1_frame5.jpg,Know
Know_B_1_frame6.jpg,Know
Know_B_1_frame7.jpg,Know
Know_B_1_frame8.jpg,Know
Know_B_1_frame9.jpg,Know
Know_B_2_frame0.jpg,Know
Know_B_2_frame1.jpg,Know
Know_B_2_frame10.jpg,Know
Know_B_2_frame11.jpg,Know
Know_B_2_frame2.jpg,Know
Know_B_2_frame3.jpg,Know
Know_B_2_frame4.jpg,Know
Know_B_2_frame5.jpg,Know
Know_B_2_frame6.jpg,Know
Know_B_2_frame7.jpg,Know
Know_B_2_frame8.jpg,Know
Know_B_2_frame9.jpg,Know
Know_B_3_frame0.jpg,Know
Know_B_3_frame1.jpg,Know
Know_B_3_frame2.jpg,Know
Know_B_3_frame3.jpg,Know
Know_B_3_frame4.jpg,Know
Know_B_3_frame5.jpg,Know
Know_B_3_frame6.jpg,Know
Know_B_3_frame7.jpg,Know
Know_B_3_frame8.jpg,Know
Know_B_3_frame9.jpg,Know
Know_K_1_frame0.jpg,Know
Know_K_1_frame1.jpg,Know
Know_K_1_frame2.jpg,Know
Know_K_1_frame3.jpg,Know
Know_K_1_frame4.jpg,Know
Know_K_1_frame5.jpg,Know
Know_K_1_frame6.jpg,Know
Know_K_1_frame7.jpg,Know
Know_K_1_frame8.jpg,Know
Know_K_1_frame9.jpg,Know
Know_K_2_frame0.jpg,Know
Know_K_2_frame1.jpg,Know
Know_K_2_frame2.jpg,Know
Know_K_2_frame3.jpg,Know
Know_K_2_frame4.jpg,Know
Know_K_2_frame5.jpg,Know
Know_K_2_frame6.jpg,Know
Know_K_2_frame7.jpg,Know
Know_K_2_frame8.jpg,Know
Know_K_2_frame9.jpg,Know
Know_K_3_frame0.jpg,Know
Know_K_3_frame1.jpg,Know
Know_K_3_frame10.jpg,Know
Know_K_3_frame2.jpg,Know
Know_K_3_frame3.jpg,Know
Know_K_3_frame4.jpg,Know
Know_K_3_frame5.jpg,Know
Know_K_3_frame6.jpg,Know
Know_K_3_frame7.jpg,Know
Know_K_3_frame8.jpg,Know
Know_K_3_frame9.jpg,Know
Know_S_1_frame0.jpg,Know
Know_S_1_frame1.jpg,Know
Know_S_1_frame10.jpg,Know
Know_S_1_frame11.jpg,Know
Know_S_1_frame12.jpg,Know
Know_S_1_frame13.jpg,Know
Know_S_1_frame14.jpg,Know
Know_S_1_frame15.jpg,Know
Know_S_1_frame16.jpg,Know
Know_S_1_frame17.jpg,Know
Know_S_1_frame18.jpg,Know
Know_S_1_frame2.jpg,Know
Know_S_1_frame3.jpg,Know
Know_S_1_frame4.jpg,Know
Know_S_1_frame5.jpg,Know
Know_S_1_frame6.jpg,Know
Know_S_1_frame7.jpg,Know
Know_S_1_frame8.jpg,Know
Know_S_1_frame9.jpg,Know
Know_S_2_frame0.jpg,Know
Know_S_2_frame1.jpg,Know
Know_S_2_frame10.jpg,Know
Know_S_2_frame11.jpg,Know
Know_S_2_frame12.jpg,Know
Know_S_2_frame13.jpg,Know
Know_S_2_frame14.jpg,Know
Know_S_2_frame15.jpg,Know
Know_S_2_frame16.jpg,Know
Know_S_2_frame2.jpg,Know
Know_S_2_frame3.jpg,Know
Know_S_2_frame4.jpg,Know
Know_S_2_frame5.jpg,Know
Know_S_2_frame6.jpg,Know
Know_S_2_frame7.jpg,Know
Know_S_2_frame8.jpg,Know
Know_S_2_frame9.jpg,Know
Know_S_3_frame0.jpg,Know
Know_S_3_frame1.jpg,Know
Know_S_3_frame10.jpg,Know
Know_S_3_frame11.jpg,Know
Know_S_3_frame12.jpg,Know
Know_S_3_frame13.jpg,Know
Know_S_3_frame14.jpg,Know
Know_S_3_frame15.jpg,Know
Know_S_3_frame16.jpg,Know
Know_S_3_frame17.jpg,Know
Know_S_3_frame2.jpg,Know
Know_S_3_frame3.jpg,Know
Know_S_3_frame4.jpg,Know
Know_S_3_frame5.jpg,Know
Know_S_3_frame6.jpg,Know
Know_S_3_frame7.jpg,Know
Know_S_3_frame8.jpg,Know
Know_S_3_frame9.jpg,Know
Know_S_4_frame0.jpg,Know
Know_S_4_frame1.jpg,Know
Know_S_4_frame10.jpg,Know
Know_S_4_frame11.jpg,Know
Know_S_4_frame12.jpg,Know
Know_S_4_frame13.jpg,Know
Know_S_4_frame14.jpg,Know
Know_S_4_frame15.jpg,Know
Know_S_4_frame16.jpg,Know
Know_S_4_frame17.jpg,Know
Know_S_4_frame18.jpg,Know
Know_S_4_frame19.jpg,Know
Know_S_4_frame2.jpg,Know
Know_S_4_frame20.jpg,Know
Know_S_4_frame21.jpg,Know
Know_S_4_frame3.jpg,Know
Know_S_4_frame4.jpg,Know
Know_S_4_frame5.jpg,Know
Know_S_4_frame6.jpg,Know
Know_S_4_frame7.jpg,Know
Know_S_4_frame8.jpg,Know
Know_S_4_frame9.jpg,Know
Name_B_1_frame0.jpg,Name
Name_B_1_frame1.jpg,Name
Name_B_1_frame10.jpg,Name
Name_B_1_frame11.jpg,Name
Name_B_1_frame12.jpg,Name
Name_B_1_frame13.jpg,Name
Name_B_1_frame14.jpg,Name
Name_B_1_frame15.jpg,Name
Name_B_1_frame2.jpg,Name
Name_B_1_frame3.jpg,Name
Name_B_1_frame4.jpg,Name
Name_B_1_frame5.jpg,Name
Name_B_1_frame6.jpg,Name
Name_B_1_frame7.jpg,Name
Name_B_1_frame8.jpg,Name
Name_B_1_frame9.jpg,Name
Name_B_2_frame0.jpg,Name
Name_B_2_frame1.jpg,Name
Name_B_2_frame10.jpg,Name
Name_B_2_frame11.jpg,Name
Name_B_2_frame12.jpg,Name
Name_B_2_frame13.jpg,Name
Name_B_2_frame14.jpg,Name
Name_B_2_frame15.jpg,Name
Name_B_2_frame16.jpg,Name
Name_B_2_frame17.jpg,Name
Name_B_2_frame2.jpg,Name
Name_B_2_frame3.jpg,Name
Name_B_2_frame4.jpg,Name
Name_B_2_frame5.jpg,Name
Name_B_2_frame6.jpg,Name
Name_B_2_frame7.jpg,Name
Name_B_2_frame8.jpg,Name
Name_B_2_frame9.jpg,Name
Name_B_3_frame0.jpg,Name
Name_B_3_frame1.jpg,Name
Name_B_3_frame10.jpg,Name
Name_B_3_frame11.jpg,Name
Name_B_3_frame12.jpg,Name
Name_B_3_frame13.jpg,Name
Name_B_3_frame14.jpg,Name
Name_B_3_frame15.jpg,Name
Name_B_3_frame16.jpg,Name
Name_B_3_frame2.jpg,Name
Name_B_3_frame3.jpg,Name
Name_B_3_frame4.jpg,Name
Name_B_3_frame5.jpg,Name
Name_B_3_frame6.jpg,Name
Name_B_3_frame7.jpg,Name
Name_B_3_frame8.jpg,Name
Name_B_3_frame9.jpg,Name
Name_K_1_frame0.jpg,Name
Name_K_1_frame1.jpg,Name
Name_K_1_frame10.jpg,Name
Name_K_1_frame11.jpg,Name
Name_K_1_frame12.jpg,Name
Name_K_1_frame13.jpg,Name
Name_K_1_frame14.jpg,Name
Name_K_1_frame2.jpg,Name
Name_K_1_frame3.jpg,Name
Name_K_1_frame4.jpg,Name
Name_K_1_frame5.jpg,Name
Name_K_1_frame6.jpg,Name
Name_K_1_frame7.jpg,Name
Name_K_1_frame8.jpg,Name
Name_K_1_frame9.jpg,Name
Name_K_2_frame0.jpg,Name
Name_K_2_frame1.jpg,Name
Name_K_2_frame10.jpg,Name
Name_K_2_frame11.jpg,Name
Name_K_2_frame12.jpg,Name
Name_K_2_frame13.jpg,Name
Name_K_2_frame2.jpg,Name
Name_K_2_frame3.jpg,Name
Name_K_2_frame4.jpg,Name
Name_K_2_frame5.jpg,Name
Name_K_2_frame6.jpg,Name
Name_K_2_frame7.jpg,Name
Name_K_2_frame8.jpg,Name
Name_K_2_frame9.jpg,Name
Name_K_3_frame0.jpg,Name
Name_K_3_frame1.jpg,Name
Name_K_3_frame10.jpg,Name
Name_K_3_frame11.jpg,Name
Name_K_3_frame12.jpg,Name
Name_K_3_frame13.jpg,Name
Name_K_3_frame14.jpg,Name
Name_K_3_frame2.jpg,Name
Name_K_3_frame3.jpg,Name
Name_K_3_frame4.jpg,Name
Name_K_3_frame5.jpg,Name
Name_K_3_frame6.jpg,Name
Name_K_3_frame7.jpg,Name
Name_K_3_frame8.jpg,Name
Name_K_3_frame9.jpg,Name
Name_S_1_frame0.jpg,Name
Name_S_1_frame1.jpg,Name
Name_S_1_frame10.jpg,Name
Name_S_1_frame11.jpg,Name
Name_S_1_frame12.jpg,Name
Name_S_1_frame13.jpg,Name
Name_S_1_frame14.jpg,Name
Name_S_1_frame15.jpg,Name
Name_S_1_frame16.jpg,Name
Name_S_1_frame17.jpg,Name
Name_S_1_frame18.jpg,Name
Name_S_1_frame19.jpg,Name
Name_S_1_frame2.jpg,Name
Name_S_1_frame20.jpg,Name
Name_S_1_frame21.jpg,Name
Name_S_1_frame22.jpg,Name
Name_S_1_frame3.jpg,Name
Name_S_1_frame4.jpg,Name
Name_S_1_frame5.jpg,Name
Name_S_1_frame6.jpg,Name
Name_S_1_frame7.jpg,Name
Name_S_1_frame8.jpg,Name
Name_S_1_frame9.jpg,Name
Name_S_2_frame0.jpg,Name
Name_S_2_frame1.jpg,Name
Name_S_2_frame10.jpg,Name
Name_S_2_frame11.jpg,Name
Name_S_2_frame12.jpg,Name
Name_S_2_frame13.jpg,Name
Name_S_2_frame14.jpg,Name
Name_S_2_frame15.jpg,Name
Name_S_2_frame16.jpg,Name
Name_S_2_frame17.jpg,Name
Name_S_2_frame18.jpg,Name
Name_S_2_frame19.jpg,Name
Name_S_2_frame2.jpg,Name
Name_S_2_frame20.jpg,Name
Name_S_2_frame21.jpg,Name
Name_S_2_frame22.jpg,Name
Name_S_2_frame23.jpg,Name
Name_S_2_frame24.jpg,Name
Name_S_2_frame25.jpg,Name
Name_S_2_frame26.jpg,Name
Name_S_2_frame27.jpg,Name
Name_S_2_frame28.jpg,Name
Name_S_2_frame3.jpg,Name
Name_S_2_frame4.jpg,Name
Name_S_2_frame5.jpg,Name
Name_S_2_frame6.jpg,Name
Name_S_2_frame7.jpg,Name
Name_S_2_frame8.jpg,Name
Name_S_2_frame9.jpg,Name
Name_S_3_frame0.jpg,Name
Name_S_3_frame1.jpg,Name
Name_S_3_frame10.jpg,Name
Name_S_3_frame11.jpg,Name
Name_S_3_frame12.jpg,Name
Name_S_3_frame13.jpg,Name
Name_S_3_frame14.jpg,Name
Name_S_3_frame15.jpg,Name
Name_S_3_frame16.jpg,Name
Name_S_3_frame17.jpg,Name
Name_S_3_frame18.jpg,Name
Name_S_3_frame19.jpg,Name
Name_S_3_frame2.jpg,Name
Name_S_3_frame3.jpg,Name
Name_S_3_frame4.jpg,Name
Name_S_3_frame5.jpg,Name
Name_S_3_frame6.jpg,Name
Name_S_3_frame7.jpg,Name
Name_S_3_frame8.jpg,Name
Name_S_3_frame9.jpg,Name
Name_S_4_frame0.jpg,Name
Name_S_4_frame1.jpg,Name
Name_S_4_frame10.jpg,Name
Name_S_4_frame11.jpg,Name
Name_S_4_frame12.jpg,Name
Name_S_4_frame13.jpg,Name
Name_S_4_frame14.jpg,Name
Name_S_4_frame15.jpg,Name
Name_S_4_frame16.jpg,Name
Name_S_4_frame17.jpg,Name
Name_S_4_frame18.jpg,Name
Name_S_4_frame19.jpg,Name
Name_S_4_frame2.jpg,Name
Name_S_4_frame20.jpg,Name
Name_S_4_frame21.jpg,Name
Name_S_4_frame22.jpg,Name
Name_S_4_frame23.jpg,Name
Name_S_4_frame24.jpg,Name
Name_S_4_frame25.jpg,Name
Name_S_4_frame3.jpg,Name
Name_S_4_frame4.jpg,Name
Name_S_4_frame5.jpg,Name
Name_S_4_frame6.jpg,Name
Name_S_4_frame7.jpg,Name
Name_S_4_frame8.jpg,Name
Name_S_4_frame9.jpg,Name
Nice to meet you_B_1_frame0.jpg,Nice to meet you
Nice to meet you_B_1_frame1.jpg,Nice to meet you
Nice to meet you_B_1_frame10.jpg,Nice to meet you
Nice to meet you_B_1_frame11.jpg,Nice to meet you
Nice to meet you_B_1_frame12.jpg,Nice to meet you
Nice to meet you_B_1_frame13.jpg,Nice to meet you
Nice to meet you_B_1_frame14.jpg,Nice to meet you
Nice to meet you_B_1_frame15.jpg,Nice to meet you
Nice to meet you_B_1_frame16.jpg,Nice to meet you
Nice to meet you_B_1_frame17.jpg,Nice to meet you
Nice to meet you_B_1_frame18.jpg,Nice to meet you
Nice to meet you_B_1_frame19.jpg,Nice to meet you
Nice to meet you_B_1_frame2.jpg,Nice to meet you
Nice to meet you_B_1_frame20.jpg,Nice to meet you
Nice to meet you_B_1_frame21.jpg,Nice to meet you
Nice to meet you_B_1_frame22.jpg,Nice to meet you
Nice to meet you_B_1_frame3.jpg,Nice to meet you
Nice to meet you_B_1_frame4.jpg,Nice to meet you
Nice to meet you_B_1_frame5.jpg,Nice to meet you
Nice to meet you_B_1_frame6.jpg,Nice to meet you
Nice to meet you_B_1_frame7.jpg,Nice to meet you
Nice to meet you_B_1_frame8.jpg,Nice to meet you
Nice to meet you_B_1_frame9.jpg,Nice to meet you
Nice to meet you_B_2_frame0.jpg,Nice to meet you
Nice to meet you_B_2_frame1.jpg,Nice to meet you
Nice to meet you_B_2_frame10.jpg,Nice to meet you
Nice to meet you_B_2_frame11.jpg,Nice to meet you
Nice to meet you_B_2_frame12.jpg,Nice to meet you
Nice to meet you_B_2_frame13.jpg,Nice to meet you
Nice to meet you_B_2_frame14.jpg,Nice to meet you
Nice to meet you_B_2_frame15.jpg,Nice to meet you
Nice to meet you_B_2_frame16.jpg,Nice to meet you
Nice to meet you_B_2_frame17.jpg,Nice to meet you
Nice to meet you_B_2_frame18.jpg,Nice to meet you
Nice to meet you_B_2_frame19.jpg,Nice to meet you
Nice to meet you_B_2_frame2.jpg,Nice to meet you
Nice to meet you_B_2_frame20.jpg,Nice to meet you
Nice to meet you_B_2_frame21.jpg,Nice to meet you
Nice to meet you_B_2_frame22.jpg,Nice to meet you
Nice to meet you_B_2_frame23.jpg,Nice to meet you
Nice to meet you_B_2_frame24.jpg,Nice to meet you
Nice to meet you_B_2_frame25.jpg,Nice to meet you
Nice to meet you_B_2_frame26.jpg,Nice to meet you
Nice to meet you_B_2_frame27.jpg,Nice to meet you
Nice to meet you_B_2_frame28.jpg,Nice to meet you
Nice to meet you_B_2_frame29.jpg,Nice to meet you
Nice to meet you_B_2_frame3.jpg,Nice to meet you
Nice to meet you_B_2_frame30.jpg,Nice to meet you
Nice to meet you_B_2_frame4.jpg,Nice to meet you
Nice to meet you_B_2_frame5.jpg,Nice to meet you
Nice to meet you_B_2_frame6.jpg,Nice to meet you
Nice to meet you_B_2_frame7.jpg,Nice to meet you
Nice to meet you_B_2_frame8.jpg,Nice to meet you
Nice to meet you_B_2_frame9.jpg,Nice to meet you
Nice to meet you_B_3_frame0.jpg,Nice to meet you
Nice to meet you_B_3_frame1.jpg,Nice to meet you
Nice to meet you_B_3_frame10.jpg,Nice to meet you
Nice to meet you_B_3_frame11.jpg,Nice to meet you
Nice to meet you_B_3_frame12.jpg,Nice to meet you
Nice to meet you_B_3_frame13.jpg,Nice to meet you
Nice to meet you_B_3_frame14.jpg,Nice to meet you
Nice to meet you_B_3_frame15.jpg,Nice to meet you
Nice to meet you_B_3_frame16.jpg,Nice to meet you
Nice to meet you_B_3_frame17.jpg,Nice to meet you
Nice to meet you_B_3_frame18.jpg,Nice to meet you
Nice to meet you_B_3_frame19.jpg,Nice to meet you
Nice to meet you_B_3_frame2.jpg,Nice to meet you
Nice to meet you_B_3_frame20.jpg,Nice to meet you
Nice to meet you_B_3_frame21.jpg,Nice to meet you
Nice to meet you_B_3_frame22.jpg,Nice to meet you
Nice to meet you_B_3_frame23.jpg,Nice to meet you
Nice to meet you_B_3_frame24.jpg,Nice to meet you
Nice to meet you_B_3_frame3.jpg,Nice to meet you
Nice to meet you_B_3_frame4.jpg,Nice to meet you
Nice to meet you_B_3_frame5.jpg,Nice to meet you
Nice to meet you_B_3_frame6.jpg,Nice to meet you
Nice to meet you_B_3_frame7.jpg,Nice to meet you
Nice to meet you_B_3_frame8.jpg,Nice to meet you
Nice to meet you_B_3_frame9.jpg,Nice to meet you
Nice to meet you_K_1_frame0.jpg,Nice to meet you
Nice to meet you_K_1_frame1.jpg,Nice to meet you
Nice to meet you_K_1_frame10.jpg,Nice to meet you
Nice to meet you_K_1_frame11.jpg,Nice to meet you
Nice to meet you_K_1_frame12.jpg,Nice to meet you
Nice to meet you_K_1_frame13.jpg,Nice to meet you
Nice to meet you_K_1_frame14.jpg,Nice to meet you
Nice to meet you_K_1_frame15.jpg,Nice to meet you
Nice to meet you_K_1_frame16.jpg,Nice to meet you
Nice to meet you_K_1_frame17.jpg,Nice to meet you
Nice to meet you_K_1_frame18.jpg,Nice to meet you
Nice to meet you_K_1_frame2.jpg,Nice to meet you
Nice to meet you_K_1_frame3.jpg,Nice to meet you
Nice to meet you_K_1_frame4.jpg,Nice to meet you
Nice to meet you_K_1_frame5.jpg,Nice to meet you
Nice to meet you_K_1_frame6.jpg,Nice to meet you
Nice to meet you_K_1_frame7.jpg,Nice to meet you
Nice to meet you_K_1_frame8.jpg,Nice to meet you
Nice to meet you_K_1_frame9.jpg,Nice to meet you
Nice to meet you_K_2_frame0.jpg,Nice to meet you
Nice to meet you_K_2_frame1.jpg,Nice to meet you
Nice to meet you_K_2_frame10.jpg,Nice to meet you
Nice to meet you_K_2_frame11.jpg,Nice to meet you
Nice to meet you_K_2_frame12.jpg,Nice to meet you
Nice to meet you_K_2_frame13.jpg,Nice to meet you
Nice to meet you_K_2_frame14.jpg,Nice to meet you
Nice to meet you_K_2_frame15.jpg,Nice to meet you
Nice to meet you_K_2_frame16.jpg,Nice to meet you
Nice to meet you_K_2_frame17.jpg,Nice to meet you
Nice to meet you_K_2_frame18.jpg,Nice to meet you
Nice to meet you_K_2_frame19.jpg,Nice to meet you
Nice to meet you_K_2_frame2.jpg,Nice to meet you
Nice to meet you_K_2_frame20.jpg,Nice to meet you
Nice to meet you_K_2_frame21.jpg,Nice to meet you
Nice to meet you_K_2_frame22.jpg,Nice to meet you
Nice to meet you_K_2_frame3.jpg,Nice to meet you
Nice to meet you_K_2_frame4.jpg,Nice to meet you
Nice to meet you_K_2_frame5.jpg,Nice to meet you
Nice to meet you_K_2_frame6.jpg,Nice to meet you
Nice to meet you_K_2_frame7.jpg,Nice to meet you
Nice to meet you_K_2_frame8.jpg,Nice to meet you
Nice to meet you_K_2_frame9.jpg,Nice to meet you
Nice to meet you_K_3_frame0.jpg,Nice to meet you
Nice to meet you_K_3_frame1.jpg,Nice to meet you
Nice to meet you_K_3_frame10.jpg,Nice to meet you
Nice to meet you_K_3_frame11.jpg,Nice to meet you
Nice to meet you_K_3_frame12.jpg,Nice to meet you
Nice to meet you_K_3_frame13.jpg,Nice to meet you
Nice to meet you_K_3_frame14.jpg,Nice to meet you
Nice to meet you_K_3_frame15.jpg,Nice to meet you
Nice to meet you_K_3_frame16.jpg,Nice to meet you
Nice to meet you_K_3_frame17.jpg,Nice to meet you
Nice to meet you_K_3_frame18.jpg,Nice to meet you
Nice to meet you_K_3_frame19.jpg,Nice to meet you
Nice to meet you_K_3_frame2.jpg,Nice to meet you
Nice to meet you_K_3_frame20.jpg,Nice to meet you
Nice to meet you_K_3_frame3.jpg,Nice to meet you
Nice to meet you_K_3_frame4.jpg,Nice to meet you
Nice to meet you_K_3_frame5.jpg,Nice to meet you
Nice to meet you_K_3_frame6.jpg,Nice to meet you
Nice to meet you_K_3_frame7.jpg,Nice to meet you
Nice to meet you_K_3_frame8.jpg,Nice to meet you
Nice to meet you_K_3_frame9.jpg,Nice to meet you
Nice to meet you_S_1_frame0.jpg,Nice to meet you
Nice to meet you_S_1_frame1.jpg,Nice to meet you
Nice to meet you_S_1_frame10.jpg,Nice to meet you
Nice to meet you_S_1_frame11.jpg,Nice to meet you
Nice to meet you_S_1_frame12.jpg,Nice to meet you
Nice to meet you_S_1_frame13.jpg,Nice to meet you
Nice to meet you_S_1_frame14.jpg,Nice to meet you
Nice to meet you_S_1_frame15.jpg,Nice to meet you
Nice to meet you_S_1_frame16.jpg,Nice to meet you
Nice to meet you_S_1_frame17.jpg,Nice to meet you
Nice to meet you_S_1_frame18.jpg,Nice to meet you
Nice to meet you_S_1_frame19.jpg,Nice to meet you
Nice to meet you_S_1_frame2.jpg,Nice to meet you
Nice to meet you_S_1_frame20.jpg,Nice to meet you
Nice to meet you_S_1_frame21.jpg,Nice to meet you
Nice to meet you_S_1_frame22.jpg,Nice to meet you
Nice to meet you_S_1_frame23.jpg,Nice to meet you
Nice to meet you_S_1_frame24.jpg,Nice to meet you
Nice to meet you_S_1_frame25.jpg,Nice to meet you
Nice to meet you_S_1_frame26.jpg,Nice to meet you
Nice to meet you_S_1_frame27.jpg,Nice to meet you
Nice to meet you_S_1_frame3.jpg,Nice to meet you
Nice to meet you_S_1_frame4.jpg,Nice to meet you
Nice to meet you_S_1_frame5.jpg,Nice to meet you
Nice to meet you_S_1_frame6.jpg,Nice to meet you
Nice to meet you_S_1_frame7.jpg,Nice to meet you
Nice to meet you_S_1_frame8.jpg,Nice to meet you
Nice to meet you_S_1_frame9.jpg,Nice to meet you
Nice to meet you_S_2_frame0.jpg,Nice to meet you
Nice to meet you_S_2_frame1.jpg,Nice to meet you
Nice to meet you_S_2_frame10.jpg,Nice to meet you
Nice to meet you_S_2_frame11.jpg,Nice to meet you
Nice to meet you_S_2_frame12.jpg,Nice to meet you
Nice to meet you_S_2_frame13.jpg,Nice to meet you
Nice to meet you_S_2_frame14.jpg,Nice to meet you
Nice to meet you_S_2_frame15.jpg,Nice to meet you
Nice to meet you_S_2_frame16.jpg,Nice to meet you
Nice to meet you_S_2_frame17.jpg,Nice to meet you
Nice to meet you_S_2_frame18.jpg,Nice to meet you
Nice to meet you_S_2_frame19.jpg,Nice to meet you
Nice to meet you_S_2_frame2.jpg,Nice to meet you
Nice to meet you_S_2_frame20.jpg,Nice to meet you
Nice to meet you_S_2_frame21.jpg,Nice to meet you
Nice to meet you_S_2_frame22.jpg,Nice to meet you
Nice to meet you_S_2_frame23.jpg,Nice to meet you
Nice to meet you_S_2_frame24.jpg,Nice to meet you
Nice to meet you_S_2_frame25.jpg,Nice to meet you
Nice to meet you_S_2_frame3.jpg,Nice to meet you
Nice to meet you_S_2_frame4.jpg,Nice to meet you
Nice to meet you_S_2_frame5.jpg,Nice to meet you
Nice to meet you_S_2_frame6.jpg,Nice to meet you
Nice to meet you_S_2_frame7.jpg,Nice to meet you
Nice to meet you_S_2_frame8.jpg,Nice to meet you
Nice to meet you_S_2_frame9.jpg,Nice to meet you
Nice to meet you_S_4_frame0.jpg,Nice to meet you
Nice to meet you_S_4_frame1.jpg,Nice to meet you
Nice to meet you_S_4_frame10.jpg,Nice to meet you
Nice to meet you_S_4_frame11.jpg,Nice to meet you
Nice to meet you_S_4_frame12.jpg,Nice to meet you
Nice to meet you_S_4_frame13.jpg,Nice to meet you
Nice to meet you_S_4_frame14.jpg,Nice to meet you
Nice to meet you_S_4_frame15.jpg,Nice to meet you
Nice to meet you_S_4_frame16.jpg,Nice to meet you
Nice to meet you_S_4_frame17.jpg,Nice to meet you
Nice to meet you_S_4_frame18.jpg,Nice to meet you
Nice to meet you_S_4_frame19.jpg,Nice to meet you
Nice to meet you_S_4_frame2.jpg,Nice to meet you
Nice to meet you_S_4_frame20.jpg,Nice to meet you
Nice to meet you_S_4_frame21.jpg,Nice to meet you
Nice to meet you_S_4_frame22.jpg,Nice to meet you
Nice to meet you_S_4_frame23.jpg,Nice to meet you
Nice to meet you_S_4_frame24.jpg,Nice to meet you
Nice to meet you_S_4_frame25.jpg,Nice to meet you
Nice to meet you_S_4_frame26.jpg,Nice to meet you
Nice to meet you_S_4_frame27.jpg,Nice to meet you
Nice to meet you_S_4_frame28.jpg,Nice to meet you
Nice to meet you_S_4_frame29.jpg,Nice to meet you
Nice to meet you_S_4_frame3.jpg,Nice to meet you
Nice to meet you_S_4_frame30.jpg,Nice to meet you
Nice to meet you_S_4_frame31.jpg,Nice to meet you
Nice to meet you_S_4_frame32.jpg,Nice to meet you
Nice to meet you_S_4_frame33.jpg,Nice to meet you
Nice to meet you_S_4_frame34.jpg,Nice to meet you
Nice to meet you_S_4_frame35.jpg,Nice to meet you
Nice to meet you_S_4_frame4.jpg,Nice to meet you
Nice to meet you_S_4_frame5.jpg,Nice to meet you
Nice to meet you_S_4_frame6.jpg,Nice to meet you
Nice to meet you_S_4_frame7.jpg,Nice to meet you
Nice to meet you_S_4_frame8.jpg,Nice to meet you
Nice to meet you_S_4_frame9.jpg,Nice to meet you
Sorry_B_1_frame0.jpg,Sorry
Sorry_B_1_frame1.jpg,Sorry
Sorry_B_1_frame2.jpg,Sorry
Sorry_B_1_frame3.jpg,Sorry
Sorry_B_1_frame4.jpg,Sorry
Sorry_B_1_frame5.jpg,Sorry
Sorry_B_1_frame6.jpg,Sorry
Sorry_B_1_frame7.jpg,Sorry
Sorry_B_1_frame8.jpg,Sorry
Sorry_B_1_frame9.jpg,Sorry
Sorry_B_2_frame0.jpg,Sorry
Sorry_B_2_frame1.jpg,Sorry
Sorry_B_2_frame10.jpg,Sorry
Sorry_B_2_frame2.jpg,Sorry
Sorry_B_2_frame3.jpg,Sorry
Sorry_B_2_frame4.jpg,Sorry
Sorry_B_2_frame5.jpg,Sorry
Sorry_B_2_frame6.jpg,Sorry
Sorry_B_2_frame7.jpg,Sorry
Sorry_B_2_frame8.jpg,Sorry
Sorry_B_2_frame9.jpg,Sorry
Sorry_B_3_frame0.jpg,Sorry
Sorry_B_3_frame1.jpg,Sorry
Sorry_B_3_frame10.jpg,Sorry
Sorry_B_3_frame11.jpg,Sorry
Sorry_B_3_frame12.jpg,Sorry
Sorry_B_3_frame2.jpg,Sorry
Sorry_B_3_frame3.jpg,Sorry
Sorry_B_3_frame4.jpg,Sorry
Sorry_B_3_frame5.jpg,Sorry
Sorry_B_3_frame6.jpg,Sorry
Sorry_B_3_frame7.jpg,Sorry
Sorry_B_3_frame8.jpg,Sorry
Sorry_B_3_frame9.jpg,Sorry
Sorry_K_2_frame0.jpg,Sorry
Sorry_K_2_frame1.jpg,Sorry
Sorry_K_2_frame10.jpg,Sorry
Sorry_K_2_frame11.jpg,Sorry
Sorry_K_2_frame12.jpg,Sorry
Sorry_K_2_frame13.jpg,Sorry
Sorry_K_2_frame2.jpg,Sorry
Sorry_K_2_frame3.jpg,Sorry
Sorry_K_2_frame4.jpg,Sorry
Sorry_K_2_frame5.jpg,Sorry
Sorry_K_2_frame6.jpg,Sorry
Sorry_K_2_frame7.jpg,Sorry
Sorry_K_2_frame8.jpg,Sorry
Sorry_K_2_frame9.jpg,Sorry
Sorry_K_3_frame0.jpg,Sorry
Sorry_K_3_frame1.jpg,Sorry
Sorry_K_3_frame2.jpg,Sorry
Sorry_K_3_frame3.jpg,Sorry
Sorry_K_3_frame4.jpg,Sorry
Sorry_K_3_frame5.jpg,Sorry
Sorry_K_3_frame6.jpg,Sorry
Sorry_K_3_frame7.jpg,Sorry
Sorry_K_3_frame8.jpg,Sorry
Sorry_K_3_frame9.jpg,Sorry
Sorry_S_1_frame0.jpg,Sorry
Sorry_S_1_frame1.jpg,Sorry
Sorry_S_1_frame10.jpg,Sorry
Sorry_S_1_frame11.jpg,Sorry
Sorry_S_1_frame12.jpg,Sorry
Sorry_S_1_frame13.jpg,Sorry
Sorry_S_1_frame14.jpg,Sorry
Sorry_S_1_frame15.jpg,Sorry
Sorry_S_1_frame16.jpg,Sorry
Sorry_S_1_frame2.jpg,Sorry
Sorry_S_1_frame3.jpg,Sorry
Sorry_S_1_frame4.jpg,Sorry
Sorry_S_1_frame5.jpg,Sorry
Sorry_S_1_frame6.jpg,Sorry
Sorry_S_1_frame7.jpg,Sorry
Sorry_S_1_frame8.jpg,Sorry
Sorry_S_1_frame9.jpg,Sorry
Sorry_S_2_frame0.jpg,Sorry
Sorry_S_2_frame1.jpg,Sorry
Sorry_S_2_frame10.jpg,Sorry
Sorry_S_2_frame11.jpg,Sorry
Sorry_S_2_frame12.jpg,Sorry
Sorry_S_2_frame13.jpg,Sorry
Sorry_S_2_frame14.jpg,Sorry
Sorry_S_2_frame15.jpg,Sorry
Sorry_S_2_frame16.jpg,Sorry
Sorry_S_2_frame17.jpg,Sorry
Sorry_S_2_frame18.jpg,Sorry
Sorry_S_2_frame19.jpg,Sorry
Sorry_S_2_frame2.jpg,Sorry
Sorry_S_2_frame3.jpg,Sorry
Sorry_S_2_frame4.jpg,Sorry
Sorry_S_2_frame5.jpg,Sorry
Sorry_S_2_frame6.jpg,Sorry
Sorry_S_2_frame7.jpg,Sorry
Sorry_S_2_frame8.jpg,Sorry
Sorry_S_2_frame9.jpg,Sorry
Sorry_S_3_frame0.jpg,Sorry
Sorry_S_3_frame1.jpg,Sorry
Sorry_S_3_frame10.jpg,Sorry
Sorry_S_3_frame11.jpg,Sorry
Sorry_S_3_frame12.jpg,Sorry
Sorry_S_3_frame13.jpg,Sorry
Sorry_S_3_frame14.jpg,Sorry
Sorry_S_3_frame15.jpg,Sorry
Sorry_S_3_frame16.jpg,Sorry
Sorry_S_3_frame17.jpg,Sorry
Sorry_S_3_frame18.jpg,Sorry
Sorry_S_3_frame19.jpg,Sorry
Sorry_S_3_frame2.jpg,Sorry
Sorry_S_3_frame3.jpg,Sorry
Sorry_S_3_frame4.jpg,Sorry
Sorry_S_3_frame5.jpg,Sorry
Sorry_S_3_frame6.jpg,Sorry
Sorry_S_3_frame7.jpg,Sorry
Sorry_S_3_frame8.jpg,Sorry
Sorry_S_3_frame9.jpg,Sorry
Sorry_S_4_frame0.jpg,Sorry
Sorry_S_4_frame1.jpg,Sorry
Sorry_S_4_frame10.jpg,Sorry
Sorry_S_4_frame11.jpg,Sorry
Sorry_S_4_frame12.jpg,Sorry
Sorry_S_4_frame13.jpg,Sorry
Sorry_S_4_frame14.jpg,Sorry
Sorry_S_4_frame15.jpg,Sorry
Sorry_S_4_frame16.jpg,Sorry
Sorry_S_4_frame17.jpg,Sorry
Sorry_S_4_frame18.jpg,Sorry
Sorry_S_4_frame19.jpg,Sorry
Sorry_S_4_frame2.jpg,Sorry
Sorry_S_4_frame20.jpg,Sorry
Sorry_S_4_frame21.jpg,Sorry
Sorry_S_4_frame22.jpg,Sorry
Sorry_S_4_frame23.jpg,Sorry
Sorry_S_4_frame3.jpg,Sorry
Sorry_S_4_frame4.jpg,Sorry
Sorry_S_4_frame5.jpg,Sorry
Sorry_S_4_frame6.jpg,Sorry
Sorry_S_4_frame7.jpg,Sorry
Sorry_S_4_frame8.jpg,Sorry
Sorry_S_4_frame9.jpg,Sorry
Thank you_B_1_frame0.jpg,Thank you
Thank you_B_1_frame1.jpg,Thank you
Thank you_B_1_frame10.jpg,Thank you
Thank you_B_1_frame2.jpg,Thank you
Thank you_B_1_frame3.jpg,Thank you
Thank you_B_1_frame4.jpg,Thank you
Thank you_B_1_frame5.jpg,Thank you
Thank you_B_1_frame6.jpg,Thank you
Thank you_B_1_frame7.jpg,Thank you
Thank you_B_1_frame8.jpg,Thank you
Thank you_B_1_frame9.jpg,Thank you
Thank you_B_2_frame0.jpg,Thank you
Thank you_B_2_frame1.jpg,Thank you
Thank you_B_2_frame2.jpg,Thank you
Thank you_B_2_frame3.jpg,Thank you
Thank you_B_2_frame4.jpg,Thank you
Thank you_B_2_frame5.jpg,Thank you
Thank you_B_2_frame6.jpg,Thank you
Thank you_B_2_frame7.jpg,Thank you
Thank you_B_2_frame8.jpg,Thank you
Thank you_B_2_frame9.jpg,Thank you
Thank you_K_1_frame0.jpg,Thank you
Thank you_K_1_frame1.jpg,Thank you
Thank you_K_1_frame2.jpg,Thank you
Thank you_K_1_frame3.jpg,Thank you
Thank you_K_1_frame4.jpg,Thank you
Thank you_K_1_frame5.jpg,Thank you
Thank you_K_1_frame6.jpg,Thank you
Thank you_K_1_frame7.jpg,Thank you
Thank you_K_1_frame8.jpg,Thank you
Thank you_K_1_frame9.jpg,Thank you
Thank you_K_2_frame0.jpg,Thank you
Thank you_K_2_frame1.jpg,Thank you
Thank you_K_2_frame2.jpg,Thank you
Thank you_K_2_frame3.jpg,Thank you
Thank you_K_2_frame4.jpg,Thank you
Thank you_K_2_frame5.jpg,Thank you
Thank you_K_2_frame6.jpg,Thank you
Thank you_K_2_frame7.jpg,Thank you
Thank you_K_2_frame8.jpg,Thank you
Thank you_K_2_frame9.jpg,Thank you
Thank you_K_3_frame0.jpg,Thank you
Thank you_K_3_frame1.jpg,Thank you
Thank you_K_3_frame2.jpg,Thank you
Thank you_K_3_frame3.jpg,Thank you
Thank you_K_3_frame4.jpg,Thank you
Thank you_K_3_frame5.jpg,Thank you
Thank you_K_3_frame6.jpg,Thank you
Thank you_K_3_frame7.jpg,Thank you
Thank you_K_3_frame8.jpg,Thank you
Thank you_K_3_frame9.jpg,Thank you
Thank you_S_1_frame0.jpg,Thank you
Thank you_S_1_frame1.jpg,Thank you
Thank you_S_1_frame10.jpg,Thank you
Thank you_S_1_frame11.jpg,Thank you
Thank you_S_1_frame12.jpg,Thank you
Thank you_S_1_frame13.jpg,Thank you
Thank you_S_1_frame14.jpg,Thank you
Thank you_S_1_frame15.jpg,Thank you
Thank you_S_1_frame16.jpg,Thank you
Thank you_S_1_frame17.jpg,Thank you
Thank you_S_1_frame18.jpg,Thank you
Thank you_S_1_frame19.jpg,Thank you
Thank you_S_1_frame2.jpg,Thank you
Thank you_S_1_frame20.jpg,Thank you
Thank you_S_1_frame21.jpg,Thank you
Thank you_S_1_frame3.jpg,Thank you
Thank you_S_1_frame4.jpg,Thank you
Thank you_S_1_frame5.jpg,Thank you
Thank you_S_1_frame6.jpg,Thank you
Thank you_S_1_frame7.jpg,Thank you
Thank you_S_1_frame8.jpg,Thank you
Thank you_S_1_frame9.jpg,Thank you
Thank you_S_3_frame0.jpg,Thank you
Thank you_S_3_frame1.jpg,Thank you
Thank you_S_3_frame10.jpg,Thank you
Thank you_S_3_frame11.jpg,Thank you
Thank you_S_3_frame12.jpg,Thank you
Thank you_S_3_frame13.jpg,Thank you
Thank you_S_3_frame14.jpg,Thank you
Thank you_S_3_frame15.jpg,Thank you
Thank you_S_3_frame16.jpg,Thank you
Thank you_S_3_frame17.jpg,Thank you
Thank you_S_3_frame18.jpg,Thank you
Thank you_S_3_frame2.jpg,Thank you
Thank you_S_3_frame3.jpg,Thank you
Thank you_S_3_frame4.jpg,Thank you
Thank you_S_3_frame5.jpg,Thank you
Thank you_S_3_frame6.jpg,Thank you
Thank you_S_3_frame7.jpg,Thank you
Thank you_S_3_frame8.jpg,Thank you
Thank you_S_3_frame9.jpg,Thank you
